go,query,encode,0,46,100000,563,23,728
go,query,encode,1,46,100000,581,23,728
go,query,encode,2,46,100000,579,23,728
go,query,encode,3,46,100000,558,23,728
go,query,encode,4,46,100000,559,23,728
go,query,decode,0,46,100000,1581,49,2209
go,query,decode,1,46,100000,1630,49,2210
go,query,decode,2,46,100000,1613,49,2210
go,query,decode,3,46,100000,1588,49,2210
go,query,decode,4,46,100000,1613,49,2210
go,records,encode,0,39815,500,519252,16035,674499
go,records,encode,1,39815,500,515459,16035,674500
go,records,encode,2,39815,500,655377,16035,674499
go,records,encode,3,39815,500,516704,16035,674500
go,records,encode,4,39815,500,512797,16035,674501
go,records,decode,0,39815,500,1354187,35064,2094096
go,records,decode,1,39815,500,1348687,35064,2094005
go,records,decode,2,39815,500,1649146,35064,2094212
go,records,decode,3,39815,500,1357030,35064,2094016
go,records,decode,4,39815,500,1342590,35064,2094006
go,aliases,encode,0,2025,5000,14285,27,9992
go,aliases,encode,1,2025,5000,14500,27,9992
go,aliases,encode,2,2025,5000,14455,27,9992
go,aliases,encode,3,2025,5000,14300,27,9992
go,aliases,encode,4,2025,5000,14290,27,9992
go,aliases,decode,0,2025,5000,83910,1047,91514
go,aliases,decode,1,2025,5000,82723,1047,91515
go,aliases,decode,2,2025,5000,80985,1047,91513
go,aliases,decode,3,2025,5000,82564,1047,91515
go,aliases,decode,4,2025,5000,81754,1047,91512
go,escapes,encode,0,22004,1000,47412,25,138281
go,escapes,encode,1,22004,1000,46633,25,138281
go,escapes,encode,2,22004,1000,45287,25,138282
go,escapes,encode,3,22004,1000,47139,25,138281
go,escapes,encode,4,22004,1000,47327,25,138282
go,escapes,decode,0,22004,1000,147790,13,135428
go,escapes,decode,1,22004,1000,145771,13,135428
go,escapes,decode,2,22004,1000,145112,13,135428
go,escapes,decode,3,22004,1000,149461,13,135430
go,escapes,decode,4,22004,1000,151263,13,135429
go,sparse,encode,0,47,10,549150,24,744
go,sparse,encode,1,47,10,549579,24,744
go,sparse,encode,2,47,10,590254,24,744
go,sparse,encode,3,47,10,545341,24,744
go,sparse,encode,4,47,10,543529,24,744
go,sparse,decode,0,47,10,1884062,36,16011464
go,sparse,decode,1,47,10,1208487,36,16010446
go,sparse,decode,2,47,10,1165279,35,16009889
go,sparse,decode,3,47,10,1196175,35,16009368
go,sparse,decode,4,47,10,1311200,35,16009523
