zig,query,encode,0,46,100000,276,3,1317
zig,query,encode,1,46,100000,273,3,1317
zig,query,encode,2,46,100000,271,3,1317
zig,query,encode,3,46,100000,269,3,1317
zig,query,encode,4,46,100000,268,3,1317
zig,query,decode,0,46,100000,535,6,6674
zig,query,decode,1,46,100000,529,6,6674
zig,query,decode,2,46,100000,520,6,6674
zig,query,decode,3,46,100000,533,6,6674
zig,query,decode,4,46,100000,524,6,6674
zig,records,encode,0,39815,500,219623,13,1401133
zig,records,encode,1,39815,500,219619,13,1401133
zig,records,encode,2,39815,500,220273,13,1401133
zig,records,encode,3,39815,500,220350,13,1401133
zig,records,encode,4,39815,500,224299,13,1401133
zig,records,decode,0,39815,500,309194,22,3855408
zig,records,decode,1,39815,500,310601,22,3855408
zig,records,decode,2,39815,500,309835,22,3855408
zig,records,decode,3,39815,500,310494,22,3855408
zig,records,decode,4,39815,500,311843,22,3855408
zig,aliases,encode,0,2025,5000,12998,5,13023
zig,aliases,encode,1,2025,5000,12992,5,13023
zig,aliases,encode,2,2025,5000,12860,5,13023
zig,aliases,encode,3,2025,5000,12974,5,13023
zig,aliases,encode,4,2025,5000,12985,5,13023
zig,aliases,decode,0,2025,5000,42020,14,327072
zig,aliases,decode,1,2025,5000,42073,14,327072
zig,aliases,decode,2,2025,5000,41773,14,327072
zig,aliases,decode,3,2025,5000,42012,14,327072
zig,aliases,decode,4,2025,5000,42066,14,327072
zig,escapes,encode,0,22004,1000,41332,6,70336
zig,escapes,encode,1,22004,1000,41865,6,70336
zig,escapes,encode,2,22004,1000,41903,6,70336
zig,escapes,encode,3,22004,1000,41796,6,70336
zig,escapes,encode,4,22004,1000,42936,6,70336
zig,escapes,decode,0,22004,1000,47863,6,51808
zig,escapes,decode,1,22004,1000,49699,6,51808
zig,escapes,decode,2,22004,1000,46364,6,51808
zig,escapes,decode,3,22004,1000,45772,6,51808
zig,escapes,decode,4,22004,1000,45801,6,51808
zig,sparse,encode,0,47,100000,264,3,1317
zig,sparse,encode,1,47,100000,265,3,1317
zig,sparse,encode,2,47,100000,263,3,1317
zig,sparse,encode,3,47,100000,264,3,1317
zig,sparse,encode,4,47,100000,263,3,1317
zig,sparse,decode,0,47,100000,497,5,3718
zig,sparse,decode,1,47,100000,494,5,3718
zig,sparse,decode,2,47,100000,492,5,3718
zig,sparse,decode,3,47,100000,478,5,3718
zig,sparse,decode,4,47,100000,467,5,3718
